"response","feature_1","feature_2","feature_3","feature_4","feature_5","feature_6","feature_7","feature_8","feature_9","feature_10","feature_11","feature_12","feature_13","feature_14","feature_15","feature_16","feature_17","feature_18","feature_19","feature_20","feature_21","feature_22","feature_23","feature_24","feature_25","feature_26","feature_27","feature_28","feature_29","feature_30"
72.4569841483132,32.321011723807,65.6893284861765,52.1227266312917,63.3996507673496,12.2588137065362,17.043635386928,51.7302216776344,62.8606796076917,2.87263460720506,34.3275472533768,64.8334064343631,24.0636200677724,69.1778793865783,47.1009607609283,22.4024469106916,82.3947160586892,46.632726821635,77.7699154878602,52.3011034912729,76.6765145523847,76.8580011330365,75.0879665322894,38.094935393572,17.9197349295708,37.3802544316571,66.5387196749627,23.5987822654804,35.9056183054644,43.1378895206472,47.1127088599046
28.3273606321211,30.66873017772,54.5569843860955,58.9136830725783,24.0942722088388,69.3647137137206,17.9795781515187,56.4649674640546,84.4019953485085,51.8420140675818,52.1145266121051,50.3716492184079,23.4328291348908,61.272050112081,59.6517445794929,97.6968040625854,12.9972846570164,50.451662809505,57.1583652130196,73.3010142562931,58.1836248517521,33.6299856189793,75.302973646715,36.735843689741,56.038454527819,26.9105829051735,94.0385820790354,63.1198731271061,48.1050008688972,47.8051556102556,73.5642173678562
57.9668090472332,26.0572860450805,26.9439596175149,28.4132631731477,47.6599017266787,58.1029190499203,60.5237068302931,33.3148679267656,33.3389000685981,37.2785452792942,43.406353735309,20.1484401160084,56.4250360564356,37.9986848579863,53.0480377457884,50.1622740459177,18.7212568330634,92.2142097341533,58.0981072813657,76.9097798315348,78.5776090730868,45.3925809505904,45.2322571100121,93.9755011669348,27.2201547877757,39.1910089908212,17.0165796949902,47.9656407529318,33.7116336069986,69.5668484107974,83.822184914588
45.4322752782475,33.9747599895795,49.7525496490015,37.456330695407,38.2347777337905,41.0940951638364,15.4155669238243,61.1889445706468,70.1760462854331,26.4251365344425,87.4829570745293,37.0544407889815,32.7486831565485,29.9984774579908,34.3859646086828,19.1606630792109,66.3550409380059,43.5284728525042,72.6313731896962,20.8120793022003,64.4831463506842,29.4342842624948,47.5967567078854,93.7333490879333,33.7649531385348,46.4346592564062,51.4899269685636,60.6760964675615,48.7196506822902,77.2440828731897,46.8882949993327
41.6353324745277,12.1590118855105,60.6217833547125,58.7705530282006,35.2917482772203,37.930785859176,35.6091741714684,24.0671841620506,29.3619406506297,66.1533360964837,50.6819869112589,54.025896769828,37.7938300202064,35.1148507389764,54.8296468284994,87.7698653244198,56.6875833162486,22.1860512594581,42.5991812794921,82.2646220037235,47.6142315317457,69.5371311394424,48.2942372688383,85.607669860754,25.9177719820631,35.0231846282155,86.978917534569,24.3458841769683,67.1406130071387,21.8866264105782,21.0174477510523
80.8013879637227,44.6427454391952,70.85716791511,6.97453352157721,66.3416710638069,54.335019669383,14.812714124355,67.6018281788935,59.9527598859195,36.8653556783166,29.7470987491599,57.0372329216974,47.0798206847481,30.0276496887358,39.4969883609257,60.3891513724498,38.5277553740392,29.4420572501797,45.609482814587,74.5816688124671,35.0803500246509,29.38985249829,76.445115568738,78.0330091002673,34.0549763637771,42.3517934341049,23.8179892622427,38.6919745735029,29.1568294244077,30.7480257941362,68.2532213948296
38.7486099284133,23.6159930906646,65.0704356801186,80.2714706650267,30.8289363431176,65.6157353193206,29.0944967737083,42.4094538071759,20.3366120203248,32.3008186485392,62.6937526246926,62.5682686458751,43.3278703720181,43.4690363621901,53.9248558020222,63.4043105636906,43.2441554842327,54.3104059130715,17.0709597169829,46.9350702815764,43.731123394956,29.9395632228999,60.6890386344825,67.5739781349248,64.4083269405723,40.906330139539,39.9767826734821,22.1806779599176,48.9736213839417,61.8888239182227,24.4811920994555
77.1991051290145,50.5724095375757,27.1441630151593,47.6351622143095,62.4675417404217,22.245762722079,49.3883093893207,23.2547235775968,34.5164779251517,33.2964103680977,32.4989674717761,46.7116373014918,43.0397690717928,46.5024275862013,39.4761486270608,48.3605647731499,50.3520735541763,73.6680540256706,52.1424235467512,24.9370274125347,57.5171141236984,79.5297812778893,75.1167869677835,43.6879364374602,68.7347288842761,76.5157396723143,62.6142761318303,81.4568740098343,58.6573633404212,35.9918375839484,41.7338950549934
50.4622771201662,63.1800463049902,30.6933396674213,37.1867767863978,39.3819829909556,22.9491081810795,80.1193537038017,45.3880749580388,45.8563596137487,62.48605622982,37.6180917209521,88.1356637082599,69.0425762050909,14.0333691692155,53.0553699552337,75.505742711836,49.2488255636247,27.9663692230616,50.1856088394638,77.3235568197193,38.3856036952033,53.1324248415471,58.5571643065112,41.2795540057512,48.3397968972563,42.8719324507288,28.3873483597617,46.444323616351,49.4494384004568,59.689161287919,63.2554926954478
57.2182422463527,62.64935051402,79.4866976202442,62.5439342400566,48.5897548297993,34.3750420226239,74.960005638023,64.3149553775741,81.900683127041,48.251228430279,33.2965969831773,42.0411592196411,73.5647730697857,13.0086180905032,39.8872812628638,37.6389175794015,-7.31117558603842,28.9841115654869,74.7258052515233,69.447737014334,52.0733987741148,38.1502346268814,33.697137132154,53.601875737317,82.6630666928749,83.0738128286002,65.0586021194987,56.9299904285069,39.8688295654807,37.8228653889379,57.5309464747659
75.2333878786746,55.1965313545615,63.5801334886788,22.0422213936397,62.5597348348833,37.7849690889985,43.8802028919817,50.769691245069,28.2923196386355,48.6126514396412,60.0820816078618,34.2174899132896,36.484406179121,32.6548753798043,31.3947057637353,43.0699032536348,65.4128102296561,55.467514097656,54.4325923831864,18.1123551279483,25.8223723702935,36.4830420948061,51.7104152369807,36.2244557734748,72.2663799379208,60.5016623837506,21.8663230318181,56.8702510251725,6.48512835629391,49.3957128184522,53.5429763721952
125.415551165277,20.2718783748092,40.0427821455447,77.18967210199,105.808035426078,19.8397278730681,62.7652130426331,41.5825420419255,66.3358340195958,80.2776923855414,33.588155313286,65.4412272787677,68.6698496498601,73.5528420424653,88.028413768248,64.4669233879461,27.5473294325018,30.4430430796649,84.855011543802,24.2421501288007,51.6606581151217,52.2454930967113,44.2244001903261,21.6056381260774,20.8299663100706,73.2184552976784,39.8630147122167,62.7668772437617,24.4721012811727,54.7425257110773,50.8330101436534
80.9386770005904,32.2075557574125,50.8780094084193,19.7608344616774,65.5642823908836,36.3622925174234,13.9086537099103,49.175988465362,5.13655892533572,36.6572394719919,49.578663525477,28.8512467169052,53.9763967760615,38.0058605004138,32.4713740198235,12.9384896433351,66.7368861985114,53.9958544165373,60.5551139051582,41.7379406011682,50.878280122259,50.4834884674957,85.9752688565135,82.6936988279321,38.6878980450009,64.187270228004,40.3733304452597,46.6683192303263,20.7760350239206,65.7876016495021,24.3068603122717
46.6322833890345,41.1258423258005,57.8006966776923,60.2403195474815,39.1782393544866,73.3902773301594,43.6561989811208,41.5019070868974,52.8894651902607,36.1428921408223,48.6563204999084,34.7897881554307,77.5888827433664,69.8375132195078,109.344332453467,26.7075772162282,40.4810917241772,39.9508326773765,53.9844677986983,69.3862817873826,39.1137480770534,15.0694618305547,53.5706053015811,37.5204520228991,30.2512482274045,39.5794930547443,51.8101912455528,22.0335108579162,35.9514195340287,40.3285741625511,9.70341565549668
32.5227032303937,35.7831926141091,23.2891605658693,66.3379009945951,26.9707699499518,65.8836254214433,79.792587016412,49.0913243277158,60.2162381937427,50.0354211221937,63.4309250827811,45.7575225637107,65.2243668981032,50.7803473003818,37.4654295572154,31.8389515426595,18.0400757851182,55.8018675012466,65.2086143909942,26.5887515370057,48.0669477960966,39.0093563662992,36.5652462435566,64.2963196033206,54.2046706802394,57.671559667936,81.9168188225758,47.1369294867894,55.7163496521383,47.0022970913094,16.695571190767
69.7002062627953,29.5390402530901,22.1181706435618,58.5813878568473,57.7861439324619,28.5110341412543,41.06039448287,36.981943099257,26.1510180525932,46.8468734853379,36.3525330853077,46.2223749788652,62.8987322564875,56.3724199148022,72.0442758298862,65.4593005514419,49.8353589442807,31.8191621619313,33.5964545874539,52.5949721651486,40.7139956478242,31.583049667579,36.9346034093582,86.382101687989,39.4385824227735,57.5143907381139,44.6013503758078,71.3752407645401,59.785545314885,50.7971053034438,18.6765803227728
76.5207858959056,38.569716051579,55.4678560866496,64.0433009894777,62.5412236733834,40.4569268939973,55.519104103237,8.42209233258977,49.870859783409,91.1561989519847,39.3230471611389,40.6549681799563,59.5792187594973,53.9929668065265,73.3272237818681,35.4458396127805,41.3772056978461,32.0521653766403,80.8763069287236,47.6357870481773,26.9091465160461,43.3888003508451,48.2659164252641,60.9937221285553,95.5523857641398,52.0271373804157,25.2097431117491,84.9254691716887,37.1563419588174,48.0927460977572,97.2365986661742
30.6486074591332,73.5933636017786,55.6433779417581,55.8466534965926,26.2513339478642,32.7563650030728,52.5459294198995,49.7768001356103,78.5281742445367,65.8032547822597,45.2111949927567,48.3964398628852,77.7616864214174,81.7309428454793,75.8299224454654,-19.0338184207283,64.8598887989033,30.8646497452565,80.1225738841354,50.3903262690502,40.7214904667016,93.8533816173504,59.5608101290544,49.9022261074465,33.3500584087526,40.5284310625692,52.9863745376494,48.9069443114537,52.7784155985319,47.0982206692742,47.4974128238497
108.022751812035,47.7823683978384,46.4656933023794,46.1945893708788,88.403723174802,70.5449626416681,71.674149608155,19.5472101261989,53.6501503099866,19.0554183647206,44.6953224000833,78.3857434082858,43.6593522092062,49.165083678217,63.432448919844,29.8639964721675,31.725471728181,50.8898987548244,28.108051499334,95.6431253992451,39.5337963578329,77.0780097305685,62.5948791962575,59.5696514133203,61.4410836374732,32.2898200561424,31.1449991623164,28.4807621043729,74.9699708407856,64.2615540229272,51.5964648105011
76.7102991493641,61.7017713800104,37.8609603845997,31.5709254380126,63.7014642995285,34.9998708924502,31.9810478519329,31.8733487927785,57.4581170364838,32.6131285643373,52.7175653206393,48.773121681446,84.7538498503295,45.3963147360859,43.3762969900678,72.5277817545252,74.1518494760152,41.5316108081011,78.6897741932982,41.0401412989208,32.1062679380898,46.1106236129653,54.6335689422806,30.6563183752138,24.485474076512,45.1785227831285,27.6936205894397,56.5914656185629,53.0117224697494,12.5340781754215,68.3989163065737
49.3377376610623,49.1860256241617,39.4491223818459,39.1590877006917,40.1691733376314,61.8093621325176,-0.226771417963796,66.4058368402835,32.9225302965236,55.6761327360938,68.5070693026972,55.5469928575012,43.8840598396243,14.0793938691718,75.9809819766866,46.057608242834,43.1593765492492,66.3661350023371,35.5222134894406,38.3315861240251,47.4649616992507,16.7475148635082,78.8394874621981,48.2534607525398,52.5355906776414,42.9462695177477,30.4287106379576,82.0635922345258,79.0184553705975,36.2021990021095,78.9485082034789
46.8081704903647,58.8712431840712,46.2451262917684,11.5940211894435,38.9460253294153,54.3647535265116,47.2878280063618,64.8414129026686,51.091764329293,52.7293092625222,33.0260344511264,65.1143389882376,23.8202895943328,79.7685133704478,43.3233626539043,73.0208662917082,37.1242263269537,26.0543586724168,21.9692589150742,52.3591136099922,63.8169408969067,20.3778423783415,39.0346258427658,26.1255918159548,61.847309219783,59.7847221033227,59.6027721697144,27.4918847344915,67.8116355964078,49.0499750084572,48.3036242528022
113.151584244385,24.3452545388129,49.4575566508386,62.4727608139733,96.4989347312738,54.4183781478659,50.151458730157,69.978726080738,80.2115148508103,10.5224425364248,72.3058789905223,75.6914223143479,68.8786948468244,69.0043890384687,74.2467620383837,30.0636810555339,58.2574893834443,66.4910497455229,80.0023411612869,82.0216372339002,97.3700314488529,27.9005387670107,21.3724423862087,51.260368556558,47.6336802363222,25.0323502056944,46.3956503928675,48.507640260065,55.6267552140173,70.8906200713144,60.7868208073309
57.4743960459521,55.5987746926396,56.1552467713563,87.7842102139062,50.5915708638704,72.0161762764405,19.3078338770017,17.5713970167491,73.1595311625013,77.200830972807,34.8004565803108,64.6139527369973,72.6846099723838,42.1831202170932,34.9202887968722,23.8758748600722,41.6205952700491,61.3412885644914,61.4929543649489,61.1457885140819,56.5297324941267,58.3851569874422,65.9057194439612,57.1028238301316,56.0650423213631,97.542977083882,54.622957284939,56.489315821238,40.00819151751,34.4620370120228,59.9021520968095
18.5906511629308,36.1439412866557,36.5334715652532,55.5724240549447,17.5378690846324,50.8600140969744,81.6532148880589,28.2785620312755,49.8034807516399,65.5608444137694,94.570160408347,60.1293400016861,19.9546925048794,48.7882513391617,61.3523246471288,52.1993155045798,59.2118870099531,51.9681975527506,60.399057685274,64.1581996854574,82.7573140093794,42.9421626572878,19.7696769541436,61.0790548731928,18.8310100993023,37.2342556608961,65.8315925858446,66.0325656872941,85.9512546450947,74.8082925586782,33.4284443091623
55.564275768478,1.2419541719442,49.4038929600886,42.6432204385604,47.3793811882917,20.583597131362,67.3430783808068,39.9124743363382,9.85397604866837,56.4909015832791,41.224263648931,73.544390901178,42.5256970010187,36.0608918985227,57.9447961498517,21.2757857274015,53.4979819008402,24.309175389919,39.1330251231926,80.2398738363781,53.1210894101036,75.7046019866414,54.9633361894942,17.399923954024,52.9191855889573,32.9120198213538,69.8335497262303,61.1623360575639,47.5012701707304,51.3289364203726,50.2711360492164
74.7464820094523,26.0841758781512,51.9408702859004,57.9938509059002,61.932293997089,20.2249841003435,56.7637607705889,34.1537926305285,68.4750800742321,40.0667813319522,38.1598165454408,78.9491581925645,69.2125436683337,51.8072911612861,54.9358760250797,57.3105037731117,54.4974430942058,53.0616080526734,53.3402487861591,47.3934316067231,28.6856933242542,28.8606881068005,60.4054598784999,24.4120682377942,47.753905396198,39.2362048037444,51.7635338218031,9.67400786182076,52.325862316599,81.3698271807536,77.9846270144612
52.6579594906741,43.9255463504324,54.0407366398042,41.2512092104995,44.0963839320089,69.7881630721809,88.6994829621782,11.8502815323867,21.5072207672764,37.5344128729917,49.8912659159507,29.3775772297258,75.5163513723751,53.8335363937865,61.0157069442055,69.0680398630943,28.2260416531642,33.181094768115,37.9552515688675,74.3521724317161,56.6490836509633,54.9790565047334,44.6766336769517,61.0603333803874,37.2238283256042,37.4598377944219,94.3696625715331,62.4141752056465,79.9461387484708,43.9858832644403,60.3061709024001
62.0938238820658,37.4189495105838,22.1846549604836,36.1643394649872,48.299906238123,36.8598822478846,24.8059947646856,67.2936443592841,53.6779344980987,53.8845516810457,60.1816918928756,49.7622913265179,50.2625803683937,40.1363437772141,47.4224324790426,50.9369937329971,37.5050826065743,76.0490221439493,64.1917561229738,77.1539563322813,29.3903313676648,57.0886424100081,55.33306584501,100.253528089122,46.282986071639,71.6393528501715,27.7682612489425,62.2805962302948,39.0271458606637,26.2394740699587,82.5123173056638
35.9594965896061,66.2463899383949,47.7178321485039,26.4352257229176,27.9504863711123,40.2160813388829,18.7957558570848,58.0719507812212,29.1646703934669,50.6137282200437,45.9287381987595,72.2986557944536,18.7460682898688,79.0523414866744,45.3520251501452,62.5774715849663,115.43450881087,41.7725975749419,56.8409518388473,77.2273939086673,49.5828820673029,37.9578206231271,12.5986468314612,72.9295734694517,49.8993608538388,37.0337884852013,31.5527048665917,53.4520357707269,86.2240070438141,33.5696920423293,9.91007612132434
52.7273948151316,37.3159869244253,13.5022647491035,40.7341506413929,41.198630072194,53.6902932040627,53.3215430439865,60.8811201289137,48.4375044641072,63.4079797741512,67.8126021875169,46.706107420946,55.9623302231935,67.6447667309879,47.4077634656327,69.5116128641659,36.5591452408506,39.0374266460658,52.6958690863847,31.100077286888,76.1985507535042,65.9250959635347,24.2223504283964,65.515029678335,75.1994642763275,52.5899304127391,31.0979388129976,71.9833745637348,22.7494654187257,46.663154243183,66.9526157026516
60.7264487149518,65.4193547193668,27.97521107278,71.2871849291228,50.0008901970309,39.5891940805323,52.1760342805845,11.7055857831119,79.3722181840162,64.4874111217123,42.8424771014996,46.4265903544065,69.1411354395524,34.3261180086273,47.8701270061695,61.9080109811584,47.3697084831743,66.5803709450244,50.1338301843657,52.0559659886408,71.9050773718517,44.8273380413638,47.4756624545386,65.7106601636761,65.2132574001476,64.5062666270053,50.3148323306619,28.6845284880261,56.4557490216839,62.1129461226,67.8648437387435
62.7048951233372,52.9462989713212,34.0954011483464,24.3234174755444,53.4366847562523,65.6217278158232,83.5813049549502,29.2288015530953,34.420493155097,78.4873906340185,71.6982425137779,71.5914364975299,75.0274618883156,60.9399731392245,105.298348325542,42.7783399166721,51.922937368853,65.3465833352111,31.5212858577281,25.8995099117317,41.6243922764382,104.296488735202,76.7444257895649,46.6117798704629,67.474234920215,39.5885452951109,59.1187900144915,30.9573845503945,43.365378094612,37.5120659219891,18.4322060714386
50.8289345776167,58.780631359362,71.5382837319404,45.5598350612806,37.3824247199083,58.1973612109399,71.7817647999447,90.4027396044281,48.6863967603746,42.7248826708777,62.8568107540374,39.490452086964,78.8470689367654,46.2054555013186,56.5340235290276,23.195901102496,32.2921149075717,64.1487734020878,29.9079431110315,41.611564297489,63.0584844602149,82.5140155442835,98.6280762938719,50.7832485579889,58.3963799917264,55.206553236967,55.523417658903,58.0903665929446,44.0533658265427,54.387685450858,30.65796361574
35.0404964001523,57.769839431487,33.3082814925774,40.7009743406772,29.3426551823989,102.947655305691,91.2970723221236,65.8191464209887,39.1417976126876,60.6571467264094,-1.35831311589656,50.6881419754333,14.510563202401,74.2192057745255,49.5886915714007,14.8151424671774,55.1625566187006,67.2316887837323,35.813564130658,31.3558001016158,75.9186663396045,46.0414031057669,1.50161784408883,29.7447593103711,54.6951158806291,21.0338181911079,30.0121933683119,68.9076507390148,49.4033440688246,18.2859091309583,16.1282850264305
-7.26105188945957,62.8908594587425,48.3892523172862,65.49218273623,-4.79747450267304,65.2901256573304,43.7084495355673,20.7365835805484,66.0623871641768,59.9642019737527,82.2264162364933,52.0369450324921,93.1672545635386,-2.26351284557921,18.3456575567712,52.1505035993983,18.3212512657341,45.1619138309317,47.8555964587204,25.9992566027071,-3.93434796208761,41.2989838033315,69.9864881122603,88.315800951108,58.9729045225576,36.9302549760211,2.65365806753883,43.9364614286485,54.3528726743626,47.6575795835277,34.5235415798645
63.6829804870015,53.8305817067641,22.306263869508,69.7456350731601,52.582563581911,46.415526285423,39.7682483305836,42.0059808004013,37.897725681781,22.3355218775833,56.7037969652281,80.4884794677634,45.911409402707,84.5455427937922,68.886274022253,39.5988026912894,43.6033169546105,64.60801491658,74.3833735825801,74.7547084009303,18.9182669871905,44.9600127563628,60.4476278099394,47.7817791660149,90.1177151564094,61.2111490281296,62.9896358128601,31.7691408514846,49.2212183497206,26.2839820615966,21.2002475035254
62.6110271519992,29.774335866392,35.3359487759161,51.8200936015868,53.4672759249427,47.3330560423422,56.6093501745557,50.7761400087356,64.097386682427,74.8695357778928,74.8735088421061,63.847446803733,41.228074411027,57.850751166979,67.6340756215585,61.2092535464205,61.7945956699647,59.5792970242152,57.1099366616459,61.8321612832155,49.8407678241853,53.4933649183482,19.3663529753465,55.2846855336473,40.0745371079335,40.4267356631746,54.3233346953683,50.7178206938979,56.4799258104471,47.1554305663313,48.8879738437247
65.5092461062675,24.3879627375598,70.9037760136281,38.3541225709387,54.2457288541986,41.1260197750755,58.4711228095031,62.8471134275422,75.602853962796,42.2033364955106,36.2515446325878,63.3176192037778,53.1935270028733,56.1053853430825,68.1183117031126,21.5688681528043,67.726687097653,70.7148480665625,36.0321547128944,52.3388989176701,44.0547369981307,16.9289152994207,63.7897472549774,49.4920159966087,26.7548900748504,50.7447720581994,78.0717152421841,39.8724355170967,43.8930697461417,27.1025057651752,35.1493946838932
108.167748212098,65.3576769672576,43.8264401453073,55.214994635003,90.8160767967368,52.7477581509304,69.1265299924487,44.6745972175589,17.7674299891703,98.9001534435479,38.8828662467157,44.2341209239938,23.3529711634026,38.2182670500904,41.4747966240981,50.9569377755845,29.890074389125,60.7488074387035,70.8342035342889,34.4155970543175,57.0329423927166,80.7057777068531,25.2029094055009,50.0303960159388,10.3613534777404,69.7950340121137,54.6667103082256,56.7687221895105,40.2955474194633,51.1989532579632,56.4166847919305
35.6776790482043,47.8193531976451,61.9013403060554,72.8382525567737,30.283913168158,65.7827428743511,57.6986020359016,64.3643720883671,51.3800287074481,54.1919178049943,49.7537505231774,50.842870511862,30.3728383929783,-13.2057813212201,43.3919259807233,41.187409863848,58.1366290279273,52.6941372502867,55.6560688562651,38.082184336942,34.7634547076823,57.9850050291584,31.7451746605504,95.3436747636937,46.3915971367389,58.7632268153158,-2.43641364828789,56.8817912858104,53.4650999866927,45.3522398378573,63.1039440514983
43.3934427246335,62.0595212406674,50.8800657948501,82.1097937603367,35.2621495060613,76.861905829298,69.6797359285823,36.9549485195705,46.5250571804636,19.5453585668807,13.3876587219547,50.4721388101888,73.377471707165,52.6004485087587,51.9491165413313,69.9873085390301,68.9457951274594,56.4471726064023,55.2578234627835,26.8148713390707,52.4546945444753,65.3524904299639,52.460339545515,52.6648807178064,48.5038910141026,-3.11082393736088,38.7632866245562,82.2279161640708,13.2726426626065,67.8375058688466,24.8640967307379
77.9414018585638,33.5436943898632,36.7186775829807,61.4222528033287,63.9595674032854,49.7749314268824,46.8440805087322,25.77803297595,28.9081863726426,-0.483620802952906,41.503605296419,43.1485130339664,60.412584579471,27.7611839406307,63.6314513487261,62.9502716063753,23.6685252470848,58.9537616351155,21.3212802768426,68.6723945737143,55.0180834741392,24.4657285951799,40.2338407874296,45.6732101304803,37.339289802012,49.8726347897105,44.7236615880289,19.4835766834098,40.2562039909975,24.3915662945492,54.7239285347172
44.7604893091377,35.1321598290347,51.2415337430331,66.0483759068535,34.7503804355151,85.8487325765611,52.6161722199094,60.8858835150832,14.8356202956283,34.9663929859409,36.4373746648777,45.0904454327656,54.1705432739565,60.4304534622871,13.4652143631597,46.4527245665048,98.5520597037295,48.9933404222731,56.1184676900687,42.275843234279,41.0415655264754,69.0920826430525,49.4871421899536,60.9022870213699,66.5180125627773,76.9512067122071,41.9554905267324,46.3018691472985,16.7764542629569,27.8587332490625,35.3049619639511
96.7019645339128,55.6946056086026,19.654502712493,91.3528213759527,80.7991861265913,60.5204978882302,48.1684679721115,43.8654479500447,87.6991534632323,40.5083184780176,26.1060724498158,84.6678277535767,34.7787669312856,21.7741202429949,58.2715430813415,33.9663909459936,56.8437797982119,67.247765649244,66.5566760010662,47.8646703971232,38.1012133529581,42.6877236214928,66.5020386055613,32.3420985611518,49.6688587575378,54.6622532856509,88.4388501280581,50.4738568108081,40.23615608719,69.5064939182389,59.5772100308527
104.897440594209,57.5456547135143,56.6470077365496,27.999075226057,88.0137703454448,40.9715244022649,58.5004039099753,54.3391454486469,25.7699798486155,69.5647199168942,54.2343759068489,66.1206008278369,51.6670203704559,54.2393954522845,65.6979602670556,14.7210926807117,34.77505784551,55.3300466111976,62.0091358774471,29.0262396575374,37.0202472665541,47.3885839839729,71.2397894607513,51.7929718719196,24.1300003838575,87.2077651266503,47.4653403534037,62.5167388332103,35.3974831065502,63.3191040188758,49.1492576478879
29.6396187753538,75.4577795193122,60.1300112276365,61.7764753902079,26.3327619892587,32.783175529841,38.5757513105725,0.472924204227361,26.526497908888,104.22469191809,47.4202679641745,79.4072185862894,20.4739485691106,98.3340449051918,43.5230910862718,75.1799704727381,37.7781373679181,81.1037555464299,72.0818000677385,39.1302579403732,106.802939907998,79.7140929794108,53.7499412809556,48.9392260311856,70.9838465816753,31.3133226144426,51.4595534243548,51.1026410020585,48.5967820391359,24.9328344035794,32.1733109467372
45.877296291264,24.4572802506048,64.9382860186194,22.3265914384708,39.6445817306245,45.5691218871386,54.0557626453722,65.5159330366995,36.2905232639661,45.9911521988672,30.4054065373336,64.5570201961468,51.5269950444649,47.3958743642836,52.2010219190285,61.8286582286504,45.511370117035,11.505367649619,41.3410665113208,42.0106085370679,24.8097032257644,13.8816994023355,77.0669938668771,84.2513523269126,79.0298052537338,48.3325539905494,40.9651300345212,41.9763644745833,50.9572196664482,73.72005745712,60.1702492370816
49.1134217155747,35.9656580653722,87.8859548237654,32.1373872449568,41.3917726230763,21.7531523714942,67.6465017115177,75.4937802067172,83.0379374630063,71.8810746486542,12.2076409693718,49.6377664469736,8.67784624456827,65.1706072097896,63.9739388509567,11.1276548586199,65.1205659867673,62.9864774242983,55.0109695822244,54.0577516755143,50.7366392574885,34.6820985007007,57.7435570007613,26.3287522500863,59.3789068242285,31.3195308664934,75.2652213876224,33.7193173279193,30.6321906283394,91.3602273711663,71.476472938019
104.34466968713,71.3243644578271,75.5762923848386,44.9288353078786,86.4804810433409,56.0911253048252,39.9286422381535,79.7332890531559,75.4625256782114,72.3906865621021,83.9016322410789,102.644008152735,27.0871442992867,88.6225302603346,36.8924802086282,39.5684231303391,15.0906880215466,46.5572115876157,22.045775207635,26.2086865194108,75.0019889981123,40.1432777376693,72.2981370514609,52.0901474616001,27.3539725931208,38.7145729508582,42.6056136192854,52.2645210480109,82.7267077669557,70.382510287459,61.5411127887953
72.920722162825,88.9854821297892,75.8176122661958,90.9152566316598,59.1740491291943,57.0317532019817,52.9079681997408,71.5506311430073,32.2173347377768,51.2221532923833,76.4873031325697,65.1523225990453,12.0656579667256,54.2161550568205,30.757783108304,48.7948464778105,48.7805290457641,14.3805160663964,49.3747086455213,68.3296387106384,82.1426043884453,44.2333016186189,41.2834510477136,45.8150772592089,58.2676223187951,40.7595396744026,84.1847853458504,52.9098855378909,6.8290819143969,36.316627176676,46.5120970830488
46.8351264756268,29.9874743998128,47.4687538620396,62.1653528132338,36.1021949462609,30.8104148975146,57.0369423669825,75.1378630119536,62.673695278604,104.340744448257,81.2964173894127,35.849969122209,62.2152398661047,36.5295575404256,48.0497533843832,60.5065264002708,68.181071484721,73.8634099861646,56.4498712891215,24.3498464950525,26.9546996803346,6.57905585564155,76.3947625469623,54.41622029957,25.0058596180815,36.2165347227881,72.7922527309582,76.6273452680149,26.3306765704736,27.6528333594214,51.2938872411264
45.6035423679718,80.7664293807386,27.7044118787571,52.337768416708,39.7794936163661,70.1450256315444,36.2461490059177,48.3266439129384,55.5301020414445,57.6229014802231,59.5147902656993,52.8557843214773,21.1462296292234,14.3091320878929,13.9737441766013,85.9027795134928,45.9153119770518,26.5121663559596,56.1873192547621,36.5608524737692,41.4472066013684,24.9145244226771,22.8311992011443,20.5287520309216,33.1789777040826,44.0011238879316,50.536075033661,61.4520704539872,51.1942802941354,18.4066485945104,30.2050074466503
44.4694642945892,9.41053184698851,29.6030758254037,80.2329369324551,38.2181586375452,51.7600883988265,48.5085292335497,68.9262445349792,39.9978651697308,42.5873559536819,42.5485272066082,60.6075736263339,14.013683300294,6.86366619184376,57.2513057158923,71.2910817124938,32.5154696808345,5.47974267565073,53.5722237491402,65.751644450376,90.2613491111047,39.9484466199554,75.4260884349662,79.3732164506085,53.0799433027999,50.4138434770137,68.1721699552911,42.9217733554376,69.1025624693515,45.3663791222372,62.3876441924939
48.7881857785841,46.551971679923,15.83234240635,64.2140286195815,40.1047711044016,30.2379061146329,58.893328867055,54.3098736550593,41.5185621345065,20.1465918854571,59.5033249991055,37.1462130904258,36.1940938791476,45.8139220735011,67.4199055363342,34.3952435243592,7.91308582179747,38.4156342216245,42.0727144411415,100.229448458593,55.5560132503046,24.5464717839749,86.6374501913261,77.2133034638322,53.7781580906532,25.6631639789366,20.4771976788049,51.9725492260118,34.6407977809531,80.7441998743487,49.3470929182235
52.0609743748543,78.128521068512,25.3709134388674,48.5928123843824,42.8425227680369,86.6466061870357,65.3402037095228,44.3267537711281,45.838817033046,46.3924097188626,19.559447938405,56.9890311019838,53.6933204922558,3.76039622475709,58.5993273153617,47.361563050736,69.0067932369529,68.1172704059316,38.9532699383614,37.4603285528549,14.8300430257413,24.6018277134373,52.5940520722135,40.9037734737221,55.9749040788503,27.9695378789117,3.56676677759052,58.8682548773614,38.2770341246408,48.4651145316183,24.9492412616271
51.3940199561744,44.5300617483657,10.9334874530235,59.0807903870876,46.8138488642392,46.634885841344,47.2729506822653,51.8974621026149,42.9787001970739,34.0442783659489,39.2295085613361,59.6429314083378,56.2368867141923,37.8188450139828,61.1497858316194,36.8705302297047,34.1631727065632,43.6255387257851,38.4572519589375,31.6702313437117,22.3465068051289,62.1980928028725,78.4910038344059,35.0465475575986,56.6934513359978,48.7299312284883,28.5679476239034,25.2020975684783,47.224213975431,48.9398202792468,56.0708559732582
30.5157958862846,37.0939725878234,-0.0199468704895196,68.5829067821402,24.004246948173,42.8288892833204,57.9022809060996,62.5684459594202,53.461541145439,50.7343523139891,39.2166170387196,37.8364892179942,57.7055097655349,66.4749956414942,61.3442115545026,27.7579245869464,70.5941334845961,34.1921453563347,62.6849021406975,56.880643145917,102.711817786374,90.470901399001,74.6138770513686,81.5066013681413,29.6094396151719,61.6985007814181,89.7542514532842,49.2751189718018,38.8977690469689,60.2920835849715,62.6071299099938
58.3485911485885,38.178293367625,31.582984768965,53.1885084055459,50.2007395707778,64.693004266841,68.3416336315702,29.3049187151658,74.326464846989,86.398627000697,48.6162813472427,84.6308590234832,48.6087070149482,37.9572539027484,76.8823809328496,61.9558918828238,31.8545805983483,77.9247094157674,34.1396988129118,70.9511995554738,78.1909970491002,75.4665292516613,17.9186821185113,44.9780239116971,59.4842913036038,37.2325672012017,59.0817896857781,36.2364173241972,-5.19604075761059,32.196106647371,82.4674750280099
19.4938445400192,27.2551110541702,54.0987523437339,65.4453648964083,18.0237911479797,49.8114169762362,34.8775105977055,46.7489309051923,42.6508624375295,34.3792897110586,72.9561072895166,55.9461450959732,39.8423602441673,59.782681907426,64.1860534649165,40.1814853125856,75.7518953410918,34.4406558098567,51.3831509655359,34.9970785152814,29.7083680506008,61.5676787360225,37.5833946677294,57.7762864721466,43.1685830060524,64.8138404700368,55.9804278353355,59.6363984364903,27.6468464005978,31.6166007173518,53.3834813250497
94.6392591704555,10.8097791240265,39.2501121611325,60.1006275697873,77.2401820283417,77.6959170547859,42.2160853038619,26.1816925125486,11.4882885764257,37.6326988757523,53.2338604989908,78.6200056863569,55.2237800105923,88.8269046196433,15.4517054326732,34.6141452539304,44.6236442228881,45.9421926222584,69.1200245702309,55.6866774751703,78.8090647620184,30.2207560302765,65.5437605736883,63.3779059075326,56.5726479263257,59.1142425350977,72.7210828917313,36.8662453782489,13.131173243679,54.2261636410626,68.2028377451469
70.5631793919441,82.7175032236361,96.2578384062561,62.6698587618498,59.8014669512938,31.5386161540628,66.1162602031643,57.5229687668765,56.8567152724593,40.4528481675109,29.8080848784117,45.6161528748142,61.7700684016226,6.58305546667919,43.012593048387,70.2973234115856,34.1813703794416,83.6519802457591,44.2963194047232,66.4631674463483,60.0087667198179,32.8690632400466,80.0364729698296,33.7198377168033,41.931933090164,39.7036777116303,40.6844305699176,71.6272720268524,59.8264267505693,39.4779106174725,47.4001565682729
55.528319911852,22.2489102809676,29.5786997952739,61.8633301217001,48.3709696094294,31.270557155261,67.8344700756058,37.3211477208169,46.3383741839985,89.1053702452361,78.5047470293244,61.1213806328146,90.0965358871174,48.122649261369,52.5787469117288,64.8074676225705,41.383616435354,63.8509273785903,3.01400166172971,21.5300335068467,53.2173075919987,60.4549921586657,48.151991635133,60.4045583027684,80.8861747051256,58.5676965100105,49.9108177337598,84.4835727862467,48.9705081727162,54.0693194950674,31.4026631816332
44.2925873829834,44.3650721529327,31.3455602777938,49.283284089558,34.5594510154764,29.6618636987161,42.3685305932369,50.0799386102969,82.4473790748325,44.5990840226976,80.9672248274348,55.9212879684525,80.935490429095,48.2682307759358,42.2462130251442,62.2376141468089,53.330793299963,47.8302822565954,25.9486865712562,40.6256146543333,73.1785780837544,57.3462488961828,28.8474023527881,19.6521309157594,44.6609021257883,26.3809697160717,70.0837656280447,83.9761913021887,53.2448004816985,57.7162073558343,71.8848486772371
62.1189956160483,13.4762218903508,60.3431669926102,33.0025923917999,51.0273059940582,52.7166017718778,58.6627025684762,8.30311852086533,22.1844584828614,59.4401569662134,51.6331916872794,54.7991811952241,61.4742180609665,53.9823939615895,33.4702685781938,25.9883326878831,14.4071278745253,53.1456647433726,37.3908593699133,27.7531764422439,71.108606701998,37.3635255525004,21.9605014430108,29.3631234133616,50.2835942761792,16.6005334934854,66.920995494435,43.6868704247935,81.5190114800877,39.5257807808219,71.3867705453056
46.066768386034,90.9723219080998,64.3228307274093,38.6006747569156,35.8957548115829,32.8440643705695,25.1314728813079,58.609442146955,64.2804508165073,-8.36001531199951,64.6173222786057,56.8199744534971,72.3165100597217,62.9785018324098,45.6825569246361,72.7120007327928,46.2975405320658,63.3822162513116,16.1072419156507,79.9094782358638,33.9460105191745,39.7782768137318,76.7334270382671,44.9997690342314,23.7681914316563,40.5504916864163,58.0424362915358,45.3482046262935,38.3908592889942,73.6033703787124,21.1762588593904
71.439294466885,74.7082186625722,21.3913373504013,94.5264749227006,59.1231931746441,29.769244248254,60.0205711369145,53.6571959545256,23.6641987211847,45.6598520654497,53.4178741385659,17.4945347081041,52.5839305220974,42.4727706890853,47.9160511987842,13.8349432962137,55.476404870804,40.0650803551067,58.9422306998568,46.5721803485427,37.1447912292495,75.6531478864175,60.5211551666923,40.7397129837048,31.6041692899152,44.1009164416943,37.7399155031661,56.9896560695032,52.9204954351502,54.7778865868487,50.6559776031657
74.3738195494826,40.7741449936119,56.3463182573383,27.746368603739,59.8370220936898,70.5272119762739,76.9754629491417,43.4857749673945,9.87336684927464,23.0352388559026,24.6716547746231,65.8701980405246,57.8557776139427,27.3587976892341,56.3383722992539,45.0220973207983,66.1912682260649,39.3970066747883,58.2471683692316,35.1815491779611,53.3212789144316,21.3505600838967,37.4944976169703,82.9085808538638,38.4756487459921,51.3029463284237,72.0121300375542,68.225697161546,90.1653174191789,81.7142426548462,43.8106773136024
89.6662542412001,40.0514649019846,44.8784910077914,62.0927051626156,72.710018477843,82.342348898257,55.499573558608,56.7950046590224,56.3286125511998,67.857100593772,59.318607298423,69.5818792941995,49.2989487844516,52.2471345440165,45.026052454911,62.452657113209,14.9093570133655,55.7086307647476,42.5502618515318,31.9721120127737,46.7827673934177,25.413004150074,60.3616679085191,67.3869176746224,38.9897270948508,50.5381370472291,35.9372619116011,68.9319177484726,93.8655599076648,42.2071715981428,83.6427110767782
36.2510658567253,25.4794711212026,52.2666920345421,35.0835448324445,29.6809087621034,87.3587197222435,43.5660528905727,86.1896432073341,37.5920168054668,44.7055922268322,39.5352997246973,29.1131202447262,48.3371685637115,42.1257437342698,52.8273636073586,63.9057034985261,73.0775605301432,61.8720741349831,31.9019661769958,62.706009784618,78.6848229530671,56.9408757055549,51.7837450883379,62.797294273,43.0572545163814,63.8429018319268,49.3408205085439,23.5559006143506,64.8040554118162,46.1441118566031,29.3495430456465
122.688023952129,41.0488202535951,30.2282472743591,74.060488082107,105.195604503291,51.4462382179408,39.6023799474466,8.57881080415775,30.6325029543654,80.0809922600848,36.9384899408011,81.5390961161109,22.181666844233,26.6545360355834,21.6343857135952,62.7518460554674,67.1520159904474,56.1654126472997,76.2995790282578,76.8611191238704,75.615700243983,26.1128008160294,49.9206181033006,44.4736595121203,13.8060691691392,28.5518121017527,46.3402780265732,48.8204765351346,30.201470961665,56.1973869548972,69.2783844581201
56.3355055050758,77.4667014560375,43.3808402624488,42.0847859742518,47.4406736399946,53.2669467899292,16.5097133671966,51.9757805455082,58.6653319476712,35.3602745361312,39.3158595288421,77.8108489985564,36.8857881337753,46.4999409161969,48.38662887637,68.5144712064078,64.5654828541928,64.2713191769813,36.499789709509,78.9189753886624,77.9250490564708,35.1597932372681,77.820794051729,56.1283312093715,37.2746046981964,39.6391907708471,50.7587593403455,50.0592614921205,68.6374049016872,83.7211552293726,20.7390050337214
41.3646828363484,15.1750462690346,55.441175242371,66.4153721172744,34.9364011207592,16.4798825498966,69.2277807336372,46.4778437186187,53.1994486096104,-2.92847529605052,77.8297911532068,45.5068134784348,64.923379400955,20.1309599385921,78.4813758093217,92.1788918602832,43.8923819573525,85.5334661469118,15.4994002325193,38.3914235947214,48.7251039720988,21.669314347806,81.4149582127145,58.3565741639975,47.0785512516758,54.6357521036958,48.3058643364711,39.5312243829323,51.62819149178,39.1596569991983,60.9590466866074
41.5355704507718,51.6639862548553,35.8620728110557,51.5722935896113,34.2390646242442,49.4855323087562,21.4885896961937,84.5894431973718,62.1871260528785,41.7156229361433,54.4457442563586,44.0956110616294,65.9297424245105,41.7623751255852,22.7857560600072,81.0240920044896,56.4644380003222,67.6829707562946,50.1779559005947,49.2336684101188,62.3182890248033,45.567301446934,20.6751540113126,34.7798069178213,39.3349266929849,79.9539313651619,61.4848811778916,69.8638467334426,38.9682568502914,22.3965452015566,30.9602753799408
92.2496091838399,68.3062449426713,87.7154077610064,52.2056656322567,79.6883942224471,26.9483566234196,17.6558673090462,44.2038014540718,57.4421798235784,71.1511379581682,83.6976487886213,75.8685773116369,44.7832790811921,47.3699447165354,62.8925055760773,42.1931784438597,30.5716883564277,25.89723897663,3.32054440259054,46.8938720634251,47.0652721860332,69.3724158017497,49.204458768566,38.9946499512949,39.7099453658668,45.4017415784987,27.6909082710173,51.4917131603522,58.3758682725296,60.6250415682095,72.9033006239678
35.9600928491046,56.4961334354145,51.2700485119438,35.2960954261632,30.2624383621046,54.1683111499657,55.7232265620956,56.268609702838,26.4026553974962,27.9483726357148,74.6514123143342,30.5727739358438,34.5160682118495,19.9686243854138,28.1363146056371,51.9973334662708,37.5699301096749,32.5505040740872,79.861866177031,38.6598471987493,46.3498871204006,45.0382784885287,35.9278876335799,43.0331151912852,57.8545115894911,22.5886327976278,72.5387060821875,33.4361395760987,62.4681215128482,29.811881282531,-3.44324208319051
91.8794971030531,41.9115119695177,33.9392179317018,25.6769400784858,73.1713604813759,38.0769745342924,13.7873482701627,60.0955906896089,57.1882492563892,44.3104471920207,52.0077392601204,70.9438137343838,20.5398530390419,38.0603212872716,50.0425821169715,37.5848732645096,23.0873344037454,52.6449869938544,48.1456374828971,35.5788372760354,28.5672915697116,63.4273988547152,41.0249494724378,67.8413411886486,19.9449902842113,78.3054773049044,71.5730127824611,35.0974481964524,21.6111115034174,72.3888994490736,82.1058573553127
101.339685465899,28.6585136221096,18.0345407715019,35.1155335410728,85.3183657254357,59.4936495490829,21.9351140143609,45.1782274453772,68.8142509958636,29.3422213319775,67.1264448834776,59.9417290030948,78.7610350319476,55.9961277285447,78.1990388786445,37.5017667464212,65.7501333306305,65.2993529514244,44.379080413761,32.96627123874,28.9130799331631,26.158843970224,23.7886442802831,97.5567909643759,46.556319723559,68.9446681773499,83.5078003872159,65.4933524467888,29.2597579779055,57.6009258641729,15.7956313857225
76.5922971701741,72.364444301999,52.5992157795731,31.5841009708565,67.1252784137088,41.6442813437049,28.5878489520129,68.9058151196217,52.6531622965481,49.6892220001874,44.5880626459068,53.6723021436254,78.976997532442,90.3402192327262,93.0994317895106,29.1525596102976,35.5306860025933,65.2950112620536,34.6523445601505,34.8792512224211,43.8880192552401,35.5635657103759,48.8840897720878,37.5950459892186,86.7672486654921,81.912149214846,62.2948516152574,33.4581063044126,88.6568075725321,53.9949914787864,78.300712006355
56.2917582276934,87.1132878118339,52.4374809589963,49.6452724702177,46.6777267974381,27.1651429756742,46.2117803204384,-0.79571230946943,37.0566410645105,71.5782915114886,40.3751487278653,59.9580963900269,63.0026535872846,33.6183285860898,63.5762055152762,73.3592906628336,44.7917650399489,57.9390898545153,50.7254583976507,68.4691645383825,60.2076235202596,33.9967699747103,54.5459226042173,55.6451171572223,63.6695712186815,27.9265793188424,76.4785466219606,45.8741304415955,30.3839896608169,56.4118211935969,73.5606563564068
68.971765939446,36.6105776608043,56.5558525686381,32.9719652196231,56.7890177265765,70.7408945676697,38.6739509799961,42.5295582709302,48.5421907800936,87.274369659546,50.9356150110342,27.2933580525274,25.8429001071277,59.5700272198409,-1.44904072149933,27.1722441715081,48.2795761568361,77.6492805614087,90.1682692727549,43.5264740769975,36.9939617916821,61.5740219372022,24.3649907488342,48.8882744494577,57.768842799051,118.885795526761,52.8734980310335,21.7363702042762,56.9271197906958,25.1104550151091,56.6981523770039
59.9407138202898,43.3572098169414,70.5423180191273,67.8804415447845,48.2844886773537,54.9946087860481,53.3125302794269,61.8334491863921,24.7110688345737,75.2675970465986,38.7432302996056,53.2635929885856,48.2779243301374,29.9045300451249,66.1740318229623,106.191182115028,35.600923601791,28.2841414020033,26.0685435851141,52.4579036259093,41.3167436104361,77.7295267696718,12.4928852728722,55.419486469681,23.2728257578731,42.7051090359107,79.2089708063904,66.1971130220742,54.7311807032128,31.3528880668689,65.9123112967326
61.1381261430625,38.9409844792481,56.4106107806893,45.3474527987942,51.0836575409288,44.563845582281,33.4958748663557,51.2418736096362,31.3936567867981,62.3092583938359,59.9934163130614,61.0423028301747,48.2814486829349,32.3721693319452,45.3448959228935,14.231721935621,49.0844800170425,45.9091385296701,53.3660871587314,51.3633852046863,37.0602023551902,61.9533541176467,62.3248839098532,23.1737836115313,8.35489335361,66.2929334147748,56.2463617122695,33.6203871150529,69.0888735768475,43.1686782484677,63.7398420356262
89.9779675667098,59.606422299015,47.0094601770116,13.3073212073558,74.137492539981,35.7213974616524,26.678349452464,45.4354397299609,71.2135732633527,43.3612180620371,36.6200672383375,61.436749387214,31.2659211358582,39.9794526940659,25.9448179720938,71.6523163179832,19.2477733945208,60.878104363489,62.1396924326004,61.2814725575775,89.1021162406918,46.7979915799351,61.1538956700798,20.9608743614276,46.8702430336244,58.5730072941288,61.0604808259267,34.3452670159026,53.9558558259689,7.93228744686414,80.4347198778604
51.7538454326062,68.6733211686163,15.5561280836657,47.4760596467105,41.0656333452719,26.6075457026905,50.758871550057,85.8671017800308,38.435805664088,38.4135080837006,33.0072683404274,19.4261082803458,14.940083178645,27.0723244670459,58.4741914821236,71.6000044706831,30.4247106763931,66.373781628191,38.6606714498914,57.8218733324286,30.9568658351751,31.8236001023339,34.5552146369497,57.9102587041279,52.908365074401,51.9609039468556,11.2421420087109,81.2467867528281,25.659868102728,52.9357557068133,-5.99147850213562
83.1402587975347,51.8504590357173,60.2854900963705,30.6890226211644,71.6025763001079,42.9773857911166,57.8505451584496,26.3620658570725,56.0200673166519,93.1175839829702,29.5688456159284,85.3653929001162,53.5690542439471,32.0820675467121,40.138044275556,50.7500449597098,47.2469617002813,61.5695240180408,54.1462310945787,81.7906576440794,29.2371259173555,47.0398018990842,47.5300809809788,59.1728181445305,25.720034190824,44.7149746845113,38.0606525023419,29.0214566731114,20.788263380899,38.5279578726306,46.8253868241049
57.7127646025579,17.5084547979943,36.2145352836399,32.7234258071433,48.0428690237505,34.0000289093147,49.9664744040415,24.018389619841,30.9308787837922,42.7565381500685,67.2297843155493,76.7399426884114,65.8594389887015,78.9070757287095,54.520213940553,43.3292229586392,37.2331800403854,42.4390660130426,35.2648053402691,60.8015417387396,60.6491633606029,82.3226372634731,26.5812048955591,-1.79304269580201,43.6014748787209,87.2960795233238,55.8823027526405,33.511978475605,47.6134237668369,47.9277079677121,8.01598891564024
55.1859107144436,16.8879670910911,70.5131033827576,77.4442366928939,44.9454767657226,57.8629157022188,78.8853591305894,47.0343831499711,38.6588466217744,60.5344244535327,66.1607302728566,17.3118749543018,35.0470863060768,35.7212467953978,50.5403594918606,57.0701120024296,48.3317582966409,49.9037039755107,37.0315086836489,72.0986986096451,32.5533451052798,50.2595678882046,65.444314956376,73.4857997821478,88.6392970801571,42.5277114159399,15.9760695801508,71.0160515821585,56.7467864034552,80.5693578468098,52.1025987235774
21.4392987160554,61.9668217141458,89.7836357611178,31.7640912583828,19.3333529587483,57.1777276809467,24.7321870148205,47.015982661015,54.6525329696362,69.4407655508665,66.3922940503732,36.7825717424093,43.5362713649433,48.1904345733432,35.0376683832371,78.2406524350187,33.7586347722124,45.1861954670769,66.1310492987551,79.9268518896231,23.0955348539066,38.1602419816413,40.5496345602773,59.1312465079669,57.8166197738156,78.8848394308779,61.0601876404356,49.9112338643942,19.5734296452671,42.3118284838048,54.5324518553047
89.9063905841868,66.6846321509118,68.0367824264345,64.5448527350458,75.6896185723944,79.3586469871933,35.7214438723739,60.7070884737677,56.6471262882828,47.4027750823896,39.1493648946347,53.9023581758244,15.1647573422464,40.9506693091863,32.3471768361917,42.1972269232592,42.8530055392431,52.1427361234237,19.4729112821254,55.8397296686577,59.7615933244733,59.9245399992957,30.9129772042179,12.6163300851225,34.1761840292111,16.3315806952685,54.2324361804424,29.1302200798995,26.9452319798448,68.7494115917992,30.6017282824945
85.1297664578453,61.6936424137243,28.7116838227724,62.3499562617913,71.3280686980186,25.3925816516141,36.6005193848794,30.3711339553582,81.0185676060589,59.753921950436,73.3982605629015,50.0352575746253,20.6888559402585,52.1168358364146,33.5976737202291,56.9782290437624,54.7951711118538,58.6410762717483,109.994555931373,45.1372593535145,56.2617828979307,27.3267089751559,92.648075729142,66.0536218910703,70.699702008393,59.8541744989247,41.4829156534016,4.01206715414492,75.2002957301682,29.3203490718145,47.3362108610843
68.6219074787233,75.1118914723612,22.9496434669998,48.3775477882295,56.9377514272452,88.6522177049803,75.2336837024862,30.6628566610764,18.0317540091672,53.1539036068207,40.7740212715605,101.763106725325,62.8710980117116,61.9884906597893,50.9356664860669,42.7464712267545,45.3139297868518,64.3941411798032,57.2706623806027,66.2620861621683,61.8569428749058,45.1721974961378,53.9267101753732,46.6191114130166,27.1140400931502,31.4969043868423,47.8748332396216,37.415730197368,18.5371421500585,31.1257666410604,80.693753248019
64.3918548330452,54.5525018216516,46.4914565213912,36.3687987511214,52.9517978828925,24.2626658851382,64.936624658761,67.0950247083087,41.692935256134,32.1728392449098,64.14201175519,56.9179674363658,59.2405995232558,87.2321044603427,6.81281305436568,55.1167788742505,58.1173440864394,14.1036802984926,54.7329718128602,30.8909008528147,64.9893842835688,42.4480363056654,51.3467490826721,37.4373913090883,68.0013831026191,16.5518114997897,49.5494381518633,43.6334677203081,61.1766058443526,21.7729269476195,37.8165650260449
60.6219200705834,30.5549867842689,58.0361016438184,68.5698237285718,52.3960510233924,51.2004508708618,55.2550395423751,27.6515112811471,18.2003465820824,61.9848920057183,45.3540417731581,31.9312044515097,24.2837728669333,18.6367311313309,77.8805102665358,47.5896078251672,56.6335372615134,37.1189320722431,49.5778389698595,31.1968828139602,43.0637117957724,66.752538991369,48.2287799725105,69.2823846553966,58.5949137911954,58.7578336757235,21.530517645324,63.8737586215642,30.9093878182388,49.773989944243,41.0983022268447
40.3639209165611,54.5530608529306,53.4494887516743,75.0475086851032,31.5227410021046,28.8341685666132,29.3081072733077,81.6384218050601,43.9995957843529,24.4698136048905,43.6178657967684,52.0414441004707,2.06601459791003,29.7552491663615,45.2127044044419,81.8706092995412,60.2261655181313,73.7360948636035,43.9356772030163,38.251741921442,26.3177768513369,56.1647684462123,76.1533505863524,62.711728924447,48.2884126556841,52.7960597508643,50.8147170914667,35.8096725981871,45.8326081508673,59.630775357855,46.9968956026057
55.3568289026265,87.0762168192748,33.5898088689606,56.9576548429748,46.5969645860496,64.0559139267832,43.033289045051,54.8069733230287,4.76862785107375,67.5135303514296,51.8079257132758,63.1781236947066,30.1642924709473,23.5345957205985,53.5851366105943,44.1202047752678,36.2294491815467,60.6385621092165,80.9759526639239,57.7726577534508,38.1527518378935,83.0528965070753,57.5732967027875,-9.34995110562897,41.5622330001257,37.1049208012628,34.4612419568524,43.8784872445381,57.1223519813204,48.0190231550852,-7.64365098235552
78.3383402942603,73.5633281894164,66.7646011654415,70.4299486346328,64.7561566392517,62.9331389141627,77.7878802757783,58.1457018616477,29.8548548119778,77.2168785740559,81.9707902994987,65.2536550320063,88.4597522170759,62.8043607130673,4.98532776114867,16.4933006246655,16.9835324976309,54.7364216622817,54.0478187323469,35.5063984863306,52.1845021880132,56.3109462452139,37.1691981899874,58.3695893370883,40.3107633513026,32.3435393093278,36.8442240228061,84.0863903044185,78.0255220108069,56.345646043633,39.7884871218586
83.6282215639661,45.5870794725576,61.2981553607505,58.0881346890795,69.7111179611913,82.7599822458294,35.2314383987099,90.7989381305327,49.0744388643487,43.3353421479181,37.8625430108799,40.3779835643539,23.9605715371715,58.5650350479517,63.8166177305294,69.6546497953438,69.4467221909837,68.9354897524613,31.9816697952722,30.4589670693829,42.7938910640743,66.8283751054596,44.4823011598083,70.5595475432185,60.0847415970885,46.8061274436295,47.7801018034715,54.4972544211996,39.6392133766626,58.7819646670742,44.2017758523438
67.20037595919,38.3615747445423,34.4896976647966,52.2776711568157,56.6597172581982,57.5952592606425,30.0296431291499,70.736193191522,30.5796412036868,88.1338862447543,42.6830688706295,32.3293310463735,33.4901239309732,32.9763602629274,35.8747100544429,51.6453753444696,56.0755348424047,102.904995249366,26.3786850147904,31.9599425635688,44.9957898135803,48.3466032666538,34.0241872905491,42.5270894130712,75.8986779664178,61.9718205722684,11.2213975840723,3.97514041347934,34.2792471718219,53.6696528733251,23.6190368913303
27.1294457063712,38.0593951554421,52.9956329018513,44.4338794808588,21.5033975092602,87.4840390422307,35.923916585814,54.3511869944479,57.5778184418242,53.3812999873522,36.0800723659771,73.8934066656631,38.0434161838994,43.7259210858352,65.6803794588838,53.7003746938869,31.9580062918129,32.118194288462,63.8645535682182,54.9526120763886,57.8451760595978,46.5440554414455,63.0853067396963,76.0793477356149,85.2500910803125,75.2848261371081,87.8638356648426,43.9902376214134,37.326400511704,58.1273059388329,19.3795337535204
